{"stats":{"minecraft:mined":{"minecraft:grass_block":3,"minecraft:dark_oak_log":5,"minecraft:dirt":3,"minecraft:dark_oak_leaves":8},"minecraft:custom":{"minecraft:jump":38,"minecraft:time_since_rest":8648,"minecraft:damage_taken":470,"minecraft:leave_game":7,"minecraft:play_time":25596,"minecraft:time_since_death":8614,"minecraft:walk_one_cm":8281,"minecraft:sprint_one_cm":1267,"minecraft:deaths":1,"minecraft:walk_on_water_one_cm":1736,"minecraft:sneak_time":56,"minecraft:total_world_time":25596,"minecraft:fly_one_cm":8713,"minecraft:fall_one_cm":6125},"minecraft:picked_up":{"minecraft:dark_oak_log":5,"minecraft:dirt":6},"minecraft:used":{"minecraft:dirt":6,"minecraft:dark_oak_log":5,"minecraft:grass_block":4}},"DataVersion":3465}