{"stats":{"minecraft:mined":{"minecraft:dark_oak_leaves":8,"minecraft:dark_oak_log":5,"minecraft:grass_block":3,"minecraft:dirt":3},"minecraft:custom":{"minecraft:time_since_rest":36892,"minecraft:sprint_one_cm":8264,"minecraft:damage_taken":470,"minecraft:walk_one_cm":70922,"minecraft:fly_one_cm":37832,"minecraft:open_barrel":3,"minecraft:crouch_one_cm":514,"minecraft:play_time":53840,"minecraft:deaths":1,"minecraft:sneak_time":688,"minecraft:jump":172,"minecraft:leave_game":9,"minecraft:time_since_death":36858,"minecraft:walk_on_water_one_cm":1736,"minecraft:total_world_time":53840,"minecraft:fall_one_cm":6125},"minecraft:picked_up":{"minecraft:dark_oak_log":5,"minecraft:dirt":6,"minecraft:wheat_seeds":2},"minecraft:used":{"minecraft:deepslate_tiles":19,"minecraft:oak_log":20,"minecraft:oak_fence":18,"minecraft:sea_lantern":6,"minecraft:crying_obsidian":1,"minecraft:dark_oak_log":5,"minecraft:grass_block":11,"minecraft:red_concrete":66,"minecraft:oak_stairs":33,"minecraft:oak_planks":22,"minecraft:oak_sign":5,"minecraft:copper_block":1,"minecraft:spruce_trapdoor":9,"minecraft:composter":4,"minecraft:cauldron":3,"minecraft:fletching_table":2,"minecraft:barrel":4,"minecraft:stone_brick_stairs":8,"minecraft:cracked_stone_bricks":9,"minecraft:oak_leaves":44,"minecraft:dirt":7,"minecraft:anvil":4,"minecraft:scaffolding":1,"minecraft:oak_slab":18,"minecraft:furnace":1,"minecraft:grindstone":1,"minecraft:smithing_table":4,"minecraft:blast_furnace":1,"handcrafted:vindicator_trophy":1,"minecraft:oak_hanging_sign":2}},"DataVersion":3465}