{"stats":{"minecraft:mined":{"minecraft:grass_block":3,"minecraft:dirt":3,"minecraft:dark_oak_leaves":8,"minecraft:dark_oak_log":5},"minecraft:custom":{"minecraft:time_since_rest":20648,"minecraft:crouch_one_cm":299,"minecraft:sprint_one_cm":3477,"minecraft:play_time":37596,"minecraft:deaths":1,"minecraft:damage_taken":470,"minecraft:walk_one_cm":39489,"minecraft:sneak_time":406,"minecraft:jump":100,"minecraft:leave_game":7,"minecraft:walk_on_water_one_cm":1736,"minecraft:time_since_death":20614,"minecraft:total_world_time":37596,"minecraft:fall_one_cm":6125,"minecraft:fly_one_cm":23322},"minecraft:picked_up":{"minecraft:wheat_seeds":1,"minecraft:dark_oak_log":5,"minecraft:dirt":6},"minecraft:used":{"minecraft:oak_log":20,"minecraft:oak_fence":18,"minecraft:oak_leaves":42,"minecraft:dirt":6,"minecraft:dark_oak_log":5,"minecraft:oak_slab":18,"minecraft:red_concrete":65,"minecraft:grass_block":8,"minecraft:oak_stairs":30,"minecraft:oak_planks":22}},"DataVersion":3465}