{"stats":{"minecraft:picked_up":{"minecraft:coarse_dirt":5,"minecraft:acacia_log":1,"minecraft:dirt":2},"minecraft:custom":{"minecraft:time_since_rest":8580,"minecraft:play_time":10577,"minecraft:sprint_one_cm":3549,"minecraft:damage_taken":30,"minecraft:walk_one_cm":6886,"minecraft:sneak_time":38,"minecraft:walk_under_water_one_cm":1456,"minecraft:jump":84,"minecraft:leave_game":1,"minecraft:time_since_death":10577,"minecraft:walk_on_water_one_cm":79,"minecraft:sleep_in_bed":1,"minecraft:total_world_time":10577,"minecraft:swim_one_cm":692,"minecraft:fall_one_cm":2684,"minecraft:fly_one_cm":14231},"minecraft:mined":{"minecraft:acacia_log":1,"minecraft:coarse_dirt":5,"minecraft:dirt":2},"minecraft:used":{"create:handheld_worldshaper":1,"handcrafted:acacia_bench":1,"minecraft:dirt":2,"create:andesite_door":1,"minecraft:acacia_log":1,"create:train_door":1,"handcrafted:acacia_fancy_bed":1,"minecraft:coarse_dirt":5}},"DataVersion":3465}